[
    [
        "apple",
        {
            "name": "Fuji",
            "url": "http://www.google.com/images?q=fuji+apple"
        },
        {
            "name": "Gala",
            "url": "http://www.google.com/images?q=gala+apple"
        },
        {
            "name": "Golden Delicious",
            "url": "http://www.google.com/images?q=golden delicious+apple"
        }
    ],
    [
        "citrus",
        {
            "name": "Lemon",
            "url": "http://www.google.com/images?q=lemon+fruit"
        },
        {
            "name": "Orange",
            "url": "http://www.google.com/images?q=orange+fruit"
        }
    ],
    [
        "berry",
        {
            "name": "Strawberry",
            "url": "http://www.google.com/images?q=strawberry+fruit"
        },
        {
            "name": "Blueberry",
            "url": "http://www.google.com/images?q=blueberry+fruit"
        },
        {
            "name": "Blackberry",
            "url": "http://www.google.com/images?q=blackberry+fruit"
        }
    ]
]
